epoch,time,train/box_loss,train/cls_loss,train/dfl_loss,metrics/precision(B),metrics/recall(B),metrics/mAP50(B),metrics/mAP50-95(B),val/box_loss,val/cls_loss,val/dfl_loss,lr/pg0,lr/pg1,lr/pg2
1,10.9443,2.37939,4.3286,3.04037,0.02112,0.33333,0.04681,0.01626,1.87729,3.97015,3.48163,0,0,0
2,21.0924,2.17422,4.15582,2.71815,0.02987,0.33333,0.06917,0.02983,1.5913,3.97604,3.47021,1.9802e-05,1.9802e-05,1.9802e-05
3,32.7691,1.93801,3.05083,2.48011,0.19655,0.33333,0.48731,0.22511,1.47762,4.35458,3.42738,3.9208e-05,3.9208e-05,3.9208e-05
4,43.7636,1.96698,2.73209,2.63982,0.92084,1,0.995,0.51097,1.59527,5.21809,3.39482,5.8218e-05,5.8218e-05,5.8218e-05
5,55.1135,1.91011,2.54647,2.43038,0.92648,1,0.995,0.48211,1.54209,9.69767,3.33274,7.6832e-05,7.6832e-05,7.6832e-05
6,65.4845,1.6525,2.63451,2.39803,0.96935,1,0.995,0.47729,1.57525,11.8566,3.18094,9.505e-05,9.505e-05,9.505e-05
7,75.7721,1.42527,2.24289,2.10941,1,0.96332,0.995,0.48533,1.54731,11.3831,3.10717,0.000112872,0.000112872,0.000112872
8,86.3633,1.74285,1.9189,2.13023,0.97491,1,0.995,0.49469,1.52898,10.6829,2.96064,0.000130298,0.000130298,0.000130298
9,96.7383,1.41362,1.74995,1.79563,0.94217,1,0.995,0.36874,1.7273,12.1689,3.0229,0.000147328,0.000147328,0.000147328
10,107.36,1.59721,2.15264,2.05406,0.93818,1,0.995,0.41883,1.58369,11.784,3.0019,0.000163962,0.000163962,0.000163962
11,117.849,1.1339,1.66662,1.65753,0.83961,1,0.995,0.44986,1.44104,9.80264,2.69516,0.0001802,0.0001802,0.0001802
12,128.208,1.21162,1.779,1.69635,1,0.98345,0.995,0.60162,1.47678,7.37637,2.73151,0.000196042,0.000196042,0.000196042
13,138.483,1.09052,1.65591,1.5329,0.98197,1,0.995,0.53681,1.63929,4.96539,2.91866,0.000211488,0.000211488,0.000211488
14,149.256,1.13106,1.39678,1.4828,0.97682,1,0.995,0.56485,1.66169,3.48268,2.93187,0.000226538,0.000226538,0.000226538
15,159.591,0.95518,1.20157,1.46142,0.98422,1,0.995,0.64137,1.46008,2.34993,2.53855,0.000241192,0.000241192,0.000241192
16,170.338,0.81243,1.32231,1.32003,0.98561,1,0.995,0.58657,1.62741,2.37473,2.51418,0.00025545,0.00025545,0.00025545
17,181.142,0.8431,1.10781,1.20501,0.96722,1,0.995,0.61978,1.42661,2.41933,2.2618,0.000269312,0.000269312,0.000269312
18,191.326,0.77404,1.00991,1.3387,0.96722,1,0.995,0.61978,1.42661,2.41933,2.2618,0.000282778,0.000282778,0.000282778
19,201.372,0.72456,1.02569,1.22631,0.98347,1,0.995,0.73832,1.07924,2.16952,2.00433,0.000295848,0.000295848,0.000295848
20,212.088,0.75668,1.24541,1.39122,0.98347,1,0.995,0.73832,1.07924,2.16952,2.00433,0.000308522,0.000308522,0.000308522
21,223.039,0.79211,1.03513,1.32684,1,0.99377,0.995,0.69417,1.11518,2.0468,1.862,0.0003208,0.0003208,0.0003208
22,232.847,0.86371,1.02292,1.3158,1,0.99377,0.995,0.69417,1.11518,2.0468,1.862,0.000332682,0.000332682,0.000332682
23,243.081,0.86965,1.00624,1.21856,0.74563,0.98253,0.9125,0.61835,0.92352,1.60639,1.9177,0.000344168,0.000344168,0.000344168
24,253.411,0.85037,0.97601,1.44735,0.74563,0.98253,0.9125,0.61835,0.92352,1.60639,1.9177,0.000355258,0.000355258,0.000355258
25,263.667,0.74643,0.90379,1.2732,0.9955,1,0.995,0.63678,1.03236,1.80974,1.97181,0.000365952,0.000365952,0.000365952
26,277.17,0.69988,0.78476,1.19173,0.9955,1,0.995,0.63678,1.03236,1.80974,1.97181,0.00037625,0.00037625,0.00037625
27,294.592,0.65864,0.67179,1.17634,1,0.9758,0.995,0.58229,1.09526,1.68438,1.91879,0.000386152,0.000386152,0.000386152
28,308.013,0.57321,0.76905,1.12099,1,0.9758,0.995,0.58229,1.09526,1.68438,1.91879,0.000395658,0.000395658,0.000395658
29,319.637,0.64347,0.7437,1.0912,1,0.9993,0.995,0.60164,0.9998,1.63148,1.66786,0.000404768,0.000404768,0.000404768
30,331.626,0.5794,0.72219,1.08454,1,0.9993,0.995,0.60164,0.9998,1.63148,1.66786,0.000413482,0.000413482,0.000413482
31,344.079,0.59923,0.84135,1.2097,0.94145,1,0.995,0.80758,0.67809,1.50154,1.30046,0.0004218,0.0004218,0.0004218
32,356.077,0.62748,0.65045,1.15473,0.94145,1,0.995,0.80758,0.67809,1.50154,1.30046,0.000429722,0.000429722,0.000429722
33,368.816,0.71754,0.74831,1.20724,0.83624,1,0.995,0.76305,0.79587,1.9045,1.44509,0.000437248,0.000437248,0.000437248
34,381.137,0.6039,0.69099,1.15715,0.83624,1,0.995,0.76305,0.79587,1.9045,1.44509,0.000444378,0.000444378,0.000444378
35,394.678,0.73579,0.67964,1.22603,0.72315,1,0.995,0.81882,0.66228,1.51758,1.27317,0.000451112,0.000451112,0.000451112
36,408.636,0.77756,0.81019,1.27112,0.72315,1,0.995,0.81882,0.66228,1.51758,1.27317,0.00045745,0.00045745,0.00045745
37,418.974,0.94224,0.89911,1.34113,0.73344,1,0.995,0.86306,0.71346,1.74172,1.26706,0.000463392,0.000463392,0.000463392
38,429.613,0.64187,0.73101,1.15492,0.73344,1,0.995,0.86306,0.71346,1.74172,1.26706,0.000468938,0.000468938,0.000468938
39,440.261,0.85823,0.96225,1.35449,0.56514,1,0.995,0.70087,0.78056,3.49297,1.40166,0.000474088,0.000474088,0.000474088
40,449.963,0.72976,0.64906,1.19271,0.56514,1,0.995,0.70087,0.78056,3.49297,1.40166,0.000478842,0.000478842,0.000478842
41,460.092,0.65763,0.73584,1.24912,0.46004,1,0.995,0.4128,1.15003,5.95926,1.86584,0.0004832,0.0004832,0.0004832
42,469.967,0.56989,0.59415,1.08868,0.46004,1,0.995,0.4128,1.15003,5.95926,1.86584,0.000487162,0.000487162,0.000487162
43,480.208,0.63841,0.70592,1.15232,0.87325,1,0.995,0.44618,1.01802,5.43859,1.73285,0.000490728,0.000490728,0.000490728
44,490.147,0.66569,0.6719,1.19884,0.87325,1,0.995,0.44618,1.01802,5.43859,1.73285,0.000493898,0.000493898,0.000493898
45,500.667,0.65314,0.67724,1.24778,0.99508,1,0.995,0.49947,1.791,1.30673,3.54942,0.000496672,0.000496672,0.000496672
46,510.54,0.65737,0.71517,1.16486,0.99508,1,0.995,0.49947,1.791,1.30673,3.54942,0.00049905,0.00049905,0.00049905
47,521.21,0.62425,0.66507,1.0873,0.99281,1,0.995,0.49869,2.13282,1.3028,4.03119,0.000501032,0.000501032,0.000501032
48,531.497,0.69703,0.67984,1.15835,0.99281,1,0.995,0.49869,2.13282,1.3028,4.03119,0.000502618,0.000502618,0.000502618
49,542.273,0.61642,0.59961,1.11436,0.97181,1,0.995,0.48794,1.79169,1.33774,3.11259,0.000503808,0.000503808,0.000503808
50,552.152,0.57254,0.55904,1.09053,0.97181,1,0.995,0.48794,1.79169,1.33774,3.11259,0.000504602,0.000504602,0.000504602
51,562.311,0.67523,0.63043,1.11174,0.98702,1,0.995,0.74095,1.34109,1.12274,2.92049,0.000505,0.000505,0.000505
52,573.01,0.72631,0.60942,1.30843,0.98702,1,0.995,0.74095,1.34109,1.12274,2.92049,0.000505002,0.000505002,0.000505002
53,583.255,0.50724,0.53717,1.04185,0.98702,1,0.995,0.74095,1.34109,1.12274,2.92049,0.000504608,0.000504608,0.000504608
54,594.148,0.58661,0.52944,1.11942,0.98675,1,0.995,0.70778,1.2053,1.096,2.34979,0.000503818,0.000503818,0.000503818
55,605.036,0.69172,0.52552,1.21548,0.98675,1,0.995,0.70778,1.2053,1.096,2.34979,0.000502632,0.000502632,0.000502632
56,615.713,0.66975,0.67346,1.30528,0.98675,1,0.995,0.70778,1.2053,1.096,2.34979,0.00050105,0.00050105,0.00050105
57,626.063,0.49558,0.43465,1.06498,0.9807,1,0.995,0.69788,0.99778,1.03397,1.609,0.000499072,0.000499072,0.000499072
58,636.764,0.50255,0.4457,1.03559,0.9807,1,0.995,0.69788,0.99778,1.03397,1.609,0.000496698,0.000496698,0.000496698
59,647.082,0.83302,0.85539,1.42033,0.9807,1,0.995,0.69788,0.99778,1.03397,1.609,0.000493928,0.000493928,0.000493928
60,658.6,0.68162,0.7964,1.17754,0.97786,1,0.995,0.68973,0.96672,1.53529,1.64014,0.000490762,0.000490762,0.000490762
61,669.175,0.5515,0.54628,1.09772,0.97786,1,0.995,0.68973,0.96672,1.53529,1.64014,0.0004872,0.0004872,0.0004872
62,678.991,0.64075,0.67182,1.25507,0.97786,1,0.995,0.68973,0.96672,1.53529,1.64014,0.000483242,0.000483242,0.000483242
63,688.094,0.54027,0.57789,1.06147,0.98326,1,0.995,0.76375,0.76088,1.12162,1.26444,0.000478888,0.000478888,0.000478888
64,697.314,0.61032,0.53031,1.09848,0.98326,1,0.995,0.76375,0.76088,1.12162,1.26444,0.000474138,0.000474138,0.000474138
65,705.916,0.56866,0.52695,1.21502,0.98326,1,0.995,0.76375,0.76088,1.12162,1.26444,0.000468992,0.000468992,0.000468992
66,714.698,0.58274,0.52517,1.23793,0.98451,1,0.995,0.8955,0.64066,0.82687,1.13779,0.00046345,0.00046345,0.00046345
67,724.068,0.47491,0.50058,1.15756,0.98451,1,0.995,0.8955,0.64066,0.82687,1.13779,0.000457512,0.000457512,0.000457512
68,733.265,0.57229,0.44791,1.10136,0.98451,1,0.995,0.8955,0.64066,0.82687,1.13779,0.000451178,0.000451178,0.000451178
69,743.105,0.59994,0.495,1.09386,0.98697,1,0.995,0.84042,0.55781,0.51933,1.06122,0.000444448,0.000444448,0.000444448
70,752.146,0.61691,0.57985,1.23237,0.98697,1,0.995,0.84042,0.55781,0.51933,1.06122,0.000437322,0.000437322,0.000437322
71,761.037,0.56054,0.42295,1.10173,0.98697,1,0.995,0.84042,0.55781,0.51933,1.06122,0.0004298,0.0004298,0.0004298
72,769.954,0.70066,0.48316,1.22409,0.98738,1,0.995,0.92908,0.4379,0.5516,0.96733,0.000421882,0.000421882,0.000421882
73,779.911,0.72491,0.52366,1.2615,0.98738,1,0.995,0.92908,0.4379,0.5516,0.96733,0.000413568,0.000413568,0.000413568
74,788.847,0.55008,0.47149,1.04272,0.98738,1,0.995,0.92908,0.4379,0.5516,0.96733,0.000404858,0.000404858,0.000404858
75,797.945,0.52482,0.4929,1.10394,0.98733,1,0.995,0.90675,0.38917,0.58108,0.92709,0.000395752,0.000395752,0.000395752
76,806.452,0.61617,0.50872,1.11986,0.98733,1,0.995,0.90675,0.38917,0.58108,0.92709,0.00038625,0.00038625,0.00038625
77,816.28,0.46435,0.49434,1.03969,0.98733,1,0.995,0.90675,0.38917,0.58108,0.92709,0.000376352,0.000376352,0.000376352
78,825.818,0.50411,0.45886,1.0808,0.9882,1,0.995,0.91234,0.43554,0.54051,0.96225,0.000366058,0.000366058,0.000366058
79,835.407,0.6215,0.53554,1.14386,0.9882,1,0.995,0.91234,0.43554,0.54051,0.96225,0.000355368,0.000355368,0.000355368
80,844.659,0.55015,0.52387,1.06116,0.9882,1,0.995,0.91234,0.43554,0.54051,0.96225,0.000344282,0.000344282,0.000344282
81,854.753,0.51659,0.43684,1.09203,0.98819,1,0.995,0.8955,0.41819,0.50787,0.92422,0.0003328,0.0003328,0.0003328
82,865.165,0.52029,0.43167,1.09052,0.98819,1,0.995,0.8955,0.41819,0.50787,0.92422,0.000320922,0.000320922,0.000320922
83,876.078,0.64869,0.60077,1.24852,0.98819,1,0.995,0.8955,0.41819,0.50787,0.92422,0.000308648,0.000308648,0.000308648
84,886.638,0.45618,0.40216,1.02285,0.98694,1,0.995,0.88526,0.48646,0.44114,0.9854,0.000295978,0.000295978,0.000295978
85,896.812,0.5511,0.4602,1.07797,0.98694,1,0.995,0.88526,0.48646,0.44114,0.9854,0.000282912,0.000282912,0.000282912
86,907.238,0.50542,0.45564,1.04106,0.98694,1,0.995,0.88526,0.48646,0.44114,0.9854,0.00026945,0.00026945,0.00026945
87,918.67,0.35088,0.39223,0.98405,0.98694,1,0.995,0.88526,0.48646,0.44114,0.9854,0.000255592,0.000255592,0.000255592
88,929.552,0.39154,0.37213,1.01628,0.98664,1,0.995,0.85735,0.47657,0.36937,0.96974,0.000241338,0.000241338,0.000241338
89,940.48,0.49819,0.3939,1.00634,0.98664,1,0.995,0.85735,0.47657,0.36937,0.96974,0.000226688,0.000226688,0.000226688
90,952.237,0.45829,0.45545,0.95314,0.98664,1,0.995,0.85735,0.47657,0.36937,0.96974,0.000211642,0.000211642,0.000211642
91,964.913,1.01797,1.5124,1.90045,0.98664,1,0.995,0.85735,0.47657,0.36937,0.96974,0.0001962,0.0001962,0.0001962
92,977.879,0.52981,1.02155,1.12765,0.98645,1,0.995,0.88489,0.47119,0.4158,0.96419,0.000180362,0.000180362,0.000180362
93,989.152,0.56522,0.80141,1.24139,0.98645,1,0.995,0.88489,0.47119,0.4158,0.96419,0.000164128,0.000164128,0.000164128
94,999.58,0.78105,0.90278,1.58321,0.98645,1,0.995,0.88489,0.47119,0.4158,0.96419,0.000147498,0.000147498,0.000147498
95,1010.56,0.50208,0.6805,1.19086,0.98645,1,0.995,0.88489,0.47119,0.4158,0.96419,0.000130472,0.000130472,0.000130472
1,10.5855,2.47071,4.35499,3.0465,0.04968,0.33333,0.06702,0.02497,1.85388,5.03435,3.69876,0,0,0
2,22.9913,2.08502,4.45097,2.70732,0.06168,0.33333,0.07538,0.03683,1.82386,4.54015,3.61643,1.9802e-05,1.9802e-05,1.9802e-05
3,33.8929,1.97847,3.13922,2.46638,0.20246,0.66667,0.2531,0.13374,1.79459,4.38321,3.50626,3.9208e-05,3.9208e-05,3.9208e-05
4,44.5651,1.97175,2.73485,2.73525,0.56416,0.88052,0.64133,0.3393,1.82753,6.06259,3.30821,5.8218e-05,5.8218e-05,5.8218e-05
5,55.6907,1.77091,2.5126,2.35404,0.9548,1,0.995,0.4862,1.67451,9.64675,3.02183,7.6832e-05,7.6832e-05,7.6832e-05
6,66.1509,1.60528,2.20377,2.2914,1,0.96279,0.995,0.48434,1.69545,12.3151,2.91315,9.505e-05,9.505e-05,9.505e-05
7,76.5785,1.47446,2.36482,2.14118,0.72148,1,0.9125,0.37612,1.85715,11.6807,3.05087,0.000112872,0.000112872,0.000112872
8,87.1553,1.59762,1.95504,2.05937,0.89253,0.66667,0.775,0.27692,2.17831,10.1048,3.73608,0.000130298,0.000130298,0.000130298
9,97.4578,1.38275,1.96452,1.78366,0.96576,0.66667,0.80643,0.30325,2.07725,9.94793,3.39911,0.000147328,0.000147328,0.000147328
10,108.662,1.44577,2.07927,1.93296,1,0.96784,0.995,0.36929,1.73325,8.61166,2.97077,0.000163962,0.000163962,0.000163962
11,119.267,1.31225,1.62716,1.76946,0.72663,1,0.83,0.42847,1.53201,6.63841,2.74313,0.0001802,0.0001802,0.0001802
12,129.485,1.23455,1.75667,1.74473,0.99169,0.66667,0.9125,0.54534,1.2862,4.86516,2.57694,0.000196042,0.000196042,0.000196042
13,139.965,1.18714,1.69359,1.60071,0.73129,0.92515,0.9125,0.62092,1.36909,3.92705,2.83455,0.000211488,0.000211488,0.000211488
14,151.319,1.13147,1.35789,1.45211,0.98107,0.66667,0.78875,0.47999,1.45795,3.16734,3.11423,0.000226538,0.000226538,0.000226538
15,161.908,1.05466,1.37539,1.51976,0.96647,0.66667,0.83,0.43819,1.61476,3.03777,3.25533,0.000241192,0.000241192,0.000241192
16,172.035,0.70333,1.16547,1.28138,0.92359,0.66667,0.863,0.48393,1.70249,2.90575,3.30345,0.00025545,0.00025545,0.00025545
17,182.64,0.91369,1.10699,1.25871,1,0.95496,0.995,0.53674,1.46554,1.92946,2.63139,0.000269312,0.000269312,0.000269312
18,191.404,0.66788,0.93152,1.2557,1,0.95496,0.995,0.53674,1.46554,1.92946,2.63139,0.000282778,0.000282778,0.000282778
19,199.209,0.76324,1.11623,1.28523,0.98349,1,0.995,0.6912,1.1348,1.78415,1.89905,0.000295848,0.000295848,0.000295848
20,208.005,0.72092,1.22749,1.35928,0.98349,1,0.995,0.6912,1.1348,1.78415,1.89905,0.000308522,0.000308522,0.000308522
21,216.481,0.76004,1.06825,1.30582,0.988,1,0.995,0.74686,1.0947,1.92093,2.03686,0.0003208,0.0003208,0.0003208
22,225.342,1.00134,1.05918,1.4728,0.988,1,0.995,0.74686,1.0947,1.92093,2.03686,0.000332682,0.000332682,0.000332682
23,234.335,0.92177,1.08802,1.2502,0.98429,1,0.995,0.77982,0.92766,1.29887,1.84196,0.000344168,0.000344168,0.000344168
24,242.735,0.7836,1.02982,1.42035,0.98429,1,0.995,0.77982,0.92766,1.29887,1.84196,0.000355258,0.000355258,0.000355258
25,251.931,0.72207,0.95887,1.25716,0.98189,1,0.995,0.76324,0.99267,1.70721,2.04617,0.000365952,0.000365952,0.000365952
26,260.157,0.62633,0.75471,1.10787,0.98189,1,0.995,0.76324,0.99267,1.70721,2.04617,0.00037625,0.00037625,0.00037625
27,268.822,0.74548,0.72755,1.1788,0.98242,1,0.995,0.6965,1.34828,1.69995,3.26436,0.000386152,0.000386152,0.000386152
28,276.735,0.63541,0.8352,1.16563,0.98242,1,0.995,0.6965,1.34828,1.69995,3.26436,0.000395658,0.000395658,0.000395658
29,285.148,0.6346,0.79711,1.07907,0.98499,1,0.995,0.6965,1.58014,1.4903,4.10054,0.000404768,0.000404768,0.000404768
30,292.849,0.63098,0.73352,1.11414,0.98499,1,0.995,0.6965,1.58014,1.4903,4.10054,0.000413482,0.000413482,0.000413482
31,301.083,0.59086,0.74476,1.22017,0.98176,1,0.995,0.60824,1.56626,2.07039,3.77005,0.0004218,0.0004218,0.0004218
32,309.388,0.57177,0.67296,1.10621,0.98176,1,0.995,0.60824,1.56626,2.07039,3.77005,0.000429722,0.000429722,0.000429722
33,317.426,0.60149,0.73097,1.12919,0.98617,1,0.995,0.6965,1.3357,1.42096,3.32245,0.000437248,0.000437248,0.000437248
34,325.416,0.54984,0.63023,1.10683,0.98617,1,0.995,0.6965,1.3357,1.42096,3.32245,0.000444378,0.000444378,0.000444378
35,333.987,0.56612,0.64895,1.13953,0.98468,1,0.995,0.7799,1.12399,1.26742,2.69434,0.000451112,0.000451112,0.000451112
36,342.966,0.73005,0.72413,1.19313,0.98468,1,0.995,0.7799,1.12399,1.26742,2.69434,0.00045745,0.00045745,0.00045745
37,351.411,0.75,0.88288,1.17944,0.98211,1,0.995,0.71333,1.04862,1.51234,2.5564,0.000463392,0.000463392,0.000463392
38,359.565,0.56406,0.80259,1.10808,0.98211,1,0.995,0.71333,1.04862,1.51234,2.5564,0.000468938,0.000468938,0.000468938
39,367.771,0.96483,0.97847,1.47667,0.98655,1,0.995,0.66417,1.09432,2.26908,2.392,0.000474088,0.000474088,0.000474088
40,375.633,0.67713,0.68238,1.15818,0.98655,1,0.995,0.66417,1.09432,2.26908,2.392,0.000478842,0.000478842,0.000478842
41,384.052,0.68395,0.67928,1.26691,0.75547,1,0.995,0.64201,0.92092,3.98371,1.95526,0.0004832,0.0004832,0.0004832
42,391.905,0.49804,0.60206,1.07455,0.75547,1,0.995,0.64201,0.92092,3.98371,1.95526,0.000487162,0.000487162,0.000487162
43,400.012,0.57804,0.66507,1.12133,0.92216,1,0.995,0.75218,0.87037,1.50701,2.05427,0.000490728,0.000490728,0.000490728
44,408.24,0.58896,0.71177,1.1428,0.92216,1,0.995,0.75218,0.87037,1.50701,2.05427,0.000493898,0.000493898,0.000493898
45,416.272,0.65779,0.70769,1.17812,0.98136,1,0.995,0.60546,1.24505,1.26494,2.47184,0.000496672,0.000496672,0.000496672
46,424.017,0.59036,0.72527,1.11447,0.98136,1,0.995,0.60546,1.24505,1.26494,2.47184,0.00049905,0.00049905,0.00049905
47,432.087,0.59972,0.70692,1.07595,0.9846,1,0.995,0.56485,1.51893,2.24713,2.40545,0.000501032,0.000501032,0.000501032
48,439.81,0.65708,0.73277,1.10846,0.9846,1,0.995,0.56485,1.51893,2.24713,2.40545,0.000502618,0.000502618,0.000502618
49,448.526,0.49409,0.59175,1.05015,0.97999,1,0.995,0.56555,1.54977,2.36986,2.43443,0.000503808,0.000503808,0.000503808
50,456.546,0.64347,0.63308,1.12281,0.97999,1,0.995,0.56555,1.54977,2.36986,2.43443,0.000504602,0.000504602,0.000504602
51,465.351,0.55773,0.66006,1.06281,0.95045,1,0.995,0.63208,1.41588,1.02708,2.17961,0.000505,0.000505,0.000505
52,473.781,0.60032,0.61647,1.20591,0.95045,1,0.995,0.63208,1.41588,1.02708,2.17961,0.000505002,0.000505002,0.000505002
53,481.692,0.63133,0.58114,1.08255,0.95045,1,0.995,0.63208,1.41588,1.02708,2.17961,0.000504608,0.000504608,0.000504608
54,490.297,0.57917,0.51817,1.11215,0.73782,1,0.9125,0.58198,1.35543,1.11915,1.98034,0.000503818,0.000503818,0.000503818
55,498.74,0.62108,0.58173,1.14679,0.73782,1,0.9125,0.58198,1.35543,1.11915,1.98034,0.000502632,0.000502632,0.000502632
56,507.107,0.61871,0.67874,1.21804,0.73782,1,0.9125,0.58198,1.35543,1.11915,1.98034,0.00050105,0.00050105,0.00050105
57,515.271,0.52013,0.49561,1.05363,1,0.96408,0.995,0.61256,1.42492,1.35541,1.97641,0.000499072,0.000499072,0.000499072
58,523.009,0.52622,0.5258,1.03706,1,0.96408,0.995,0.61256,1.42492,1.35541,1.97641,0.000496698,0.000496698,0.000496698
59,531.91,0.86017,0.6989,1.56986,1,0.96408,0.995,0.61256,1.42492,1.35541,1.97641,0.000493928,0.000493928,0.000493928
60,540.982,0.726,0.73475,1.21567,0.97414,1,0.995,0.69718,1.25454,1.45692,2.03182,0.000490762,0.000490762,0.000490762
61,548.706,0.59869,0.52722,1.13654,0.97414,1,0.995,0.69718,1.25454,1.45692,2.03182,0.0004872,0.0004872,0.0004872
62,557.332,0.5946,0.68282,1.14995,0.97414,1,0.995,0.69718,1.25454,1.45692,2.03182,0.000483242,0.000483242,0.000483242
63,565.69,0.54435,0.53071,1.08855,0.9709,1,0.995,0.71334,1.09126,1.56731,1.80582,0.000478888,0.000478888,0.000478888
64,573.555,0.56299,0.53157,1.06269,0.9709,1,0.995,0.71334,1.09126,1.56731,1.80582,0.000474138,0.000474138,0.000474138
65,581.907,0.50372,0.53687,1.11461,0.9709,1,0.995,0.71334,1.09126,1.56731,1.80582,0.000468992,0.000468992,0.000468992
66,590.259,0.52248,0.46876,1.11523,0.97997,1,0.995,0.82959,0.83828,1.07971,1.44138,0.00046345,0.00046345,0.00046345
67,599.017,0.59325,0.51205,1.2419,0.97997,1,0.995,0.82959,0.83828,1.07971,1.44138,0.000457512,0.000457512,0.000457512
68,607.933,0.61752,0.47924,1.15125,0.97997,1,0.995,0.82959,0.83828,1.07971,1.44138,0.000451178,0.000451178,0.000451178
69,616.78,0.60162,0.54213,1.09212,0.73715,1,0.9125,0.73,0.8691,0.84271,1.38576,0.000444448,0.000444448,0.000444448
70,625.45,0.62118,0.59036,1.20985,0.73715,1,0.9125,0.73,0.8691,0.84271,1.38576,0.000437322,0.000437322,0.000437322
71,633.489,0.4752,0.45633,1.01129,0.73715,1,0.9125,0.73,0.8691,0.84271,1.38576,0.0004298,0.0004298,0.0004298
72,642.128,0.5627,0.46105,1.13601,1,0.98905,0.995,0.86259,0.73175,0.73628,1.20588,0.000421882,0.000421882,0.000421882
73,650.973,0.73805,0.52502,1.22895,1,0.98905,0.995,0.86259,0.73175,0.73628,1.20588,0.000413568,0.000413568,0.000413568
74,659.715,0.54178,0.51262,1.01912,1,0.98905,0.995,0.86259,0.73175,0.73628,1.20588,0.000404858,0.000404858,0.000404858
75,669.885,0.50001,0.46944,1.04628,0.99174,1,0.995,0.8955,0.57059,0.63996,1.09193,0.000395752,0.000395752,0.000395752
76,679.46,0.61998,0.53158,1.13172,0.99174,1,0.995,0.8955,0.57059,0.63996,1.09193,0.00038625,0.00038625,0.00038625
77,688.446,0.44604,0.48274,1.0041,0.99174,1,0.995,0.8955,0.57059,0.63996,1.09193,0.000376352,0.000376352,0.000376352
78,697.56,0.52407,0.46065,1.0734,0.9953,1,0.995,0.88304,0.35196,0.56584,0.90079,0.000366058,0.000366058,0.000366058
79,706.15,0.73337,0.62772,1.22499,0.9953,1,0.995,0.88304,0.35196,0.56584,0.90079,0.000355368,0.000355368,0.000355368
80,714.509,0.49594,0.52282,0.99993,0.9953,1,0.995,0.88304,0.35196,0.56584,0.90079,0.000344282,0.000344282,0.000344282
81,723.018,0.3773,0.38714,1.03464,0.99125,1,0.995,0.90674,0.49921,0.5925,0.97259,0.0003328,0.0003328,0.0003328
82,731.51,0.42289,0.3914,1.05393,0.99125,1,0.995,0.90674,0.49921,0.5925,0.97259,0.000320922,0.000320922,0.000320922
83,740.096,0.58072,0.55725,1.18064,0.99125,1,0.995,0.90674,0.49921,0.5925,0.97259,0.000308648,0.000308648,0.000308648
84,748.855,0.40981,0.38549,0.97233,0.98643,1,0.995,0.8955,0.68109,0.58432,1.18601,0.000295978,0.000295978,0.000295978
85,756.555,0.46962,0.47495,1.05278,0.98643,1,0.995,0.8955,0.68109,0.58432,1.18601,0.000282912,0.000282912,0.000282912
86,765.549,0.47627,0.47212,1.02225,0.98643,1,0.995,0.8955,0.68109,0.58432,1.18601,0.00026945,0.00026945,0.00026945
87,774.393,0.49006,0.43663,1.02707,0.98643,1,0.995,0.8955,0.68109,0.58432,1.18601,0.000255592,0.000255592,0.000255592
88,783.564,0.46489,0.38211,1.12372,0.98691,1,0.995,0.8955,0.73213,0.5837,1.29551,0.000241338,0.000241338,0.000241338
89,791.755,0.50021,0.39513,0.98948,0.98691,1,0.995,0.8955,0.73213,0.5837,1.29551,0.000226688,0.000226688,0.000226688
90,799.729,0.54807,0.43614,1.02016,0.98691,1,0.995,0.8955,0.73213,0.5837,1.29551,0.000211642,0.000211642,0.000211642
91,807.963,0.62385,1.01513,1.44842,0.98691,1,0.995,0.8955,0.73213,0.5837,1.29551,0.0001962,0.0001962,0.0001962
92,816.166,0.43845,1.0038,1.09254,0.98751,1,0.995,0.84041,0.65846,0.45779,1.18293,0.000180362,0.000180362,0.000180362
93,824.08,0.56878,0.69318,1.29659,0.98751,1,0.995,0.84041,0.65846,0.45779,1.18293,0.000164128,0.000164128,0.000164128
94,832.133,0.58266,0.80244,1.40234,0.98751,1,0.995,0.84041,0.65846,0.45779,1.18293,0.000147498,0.000147498,0.000147498
95,840.03,0.4365,0.72288,1.06205,0.98751,1,0.995,0.84041,0.65846,0.45779,1.18293,0.000130472,0.000130472,0.000130472
96,848.02,0.43896,0.7304,1.06361,0.98723,1,0.995,0.84041,0.60118,0.476,1.10155,0.00011305,0.00011305,0.00011305
97,856.119,0.35667,0.50093,1.12434,0.98723,1,0.995,0.84041,0.60118,0.476,1.10155,9.5232e-05,9.5232e-05,9.5232e-05
98,864.112,0.42411,0.52653,1.1052,0.98723,1,0.995,0.84041,0.60118,0.476,1.10155,7.7018e-05,7.7018e-05,7.7018e-05
99,872.933,0.4551,0.55897,1.18542,0.98723,1,0.995,0.84041,0.60118,0.476,1.10155,5.8408e-05,5.8408e-05,5.8408e-05
100,880.939,0.60523,0.76966,1.2972,0.98738,1,0.995,0.8955,0.55818,0.49631,1.04697,3.9402e-05,3.9402e-05,3.9402e-05
1,13.5434,2.47071,4.35499,3.0465,0.04968,0.33333,0.06702,0.02497,1.85388,5.03435,3.69876,0,0,0
2,22.6362,2.08502,4.45097,2.70732,0.06168,0.33333,0.07538,0.03683,1.82386,4.54015,3.61643,1.9802e-05,1.9802e-05,1.9802e-05
3,30.7461,1.97847,3.13922,2.46638,0.20246,0.66667,0.2531,0.13374,1.79459,4.38321,3.50626,3.9208e-05,3.9208e-05,3.9208e-05
4,39.3059,1.97175,2.73485,2.73525,0.56416,0.88052,0.64133,0.3393,1.82753,6.06259,3.30821,5.8218e-05,5.8218e-05,5.8218e-05
5,48.3305,1.77091,2.5126,2.35404,0.9548,1,0.995,0.4862,1.67451,9.64675,3.02183,7.6832e-05,7.6832e-05,7.6832e-05
6,56.8292,1.60528,2.20377,2.2914,1,0.96279,0.995,0.48434,1.69545,12.3151,2.91315,9.505e-05,9.505e-05,9.505e-05
7,64.9528,1.47446,2.36482,2.14118,0.72148,1,0.9125,0.37612,1.85715,11.6807,3.05087,0.000112872,0.000112872,0.000112872
8,73.3199,1.59762,1.95504,2.05937,0.89253,0.66667,0.775,0.27692,2.17831,10.1048,3.73608,0.000130298,0.000130298,0.000130298
9,81.4712,1.38275,1.96452,1.78366,0.96576,0.66667,0.80643,0.30325,2.07725,9.94793,3.39911,0.000147328,0.000147328,0.000147328
10,89.8797,1.44577,2.07927,1.93296,1,0.96784,0.995,0.36929,1.73325,8.61166,2.97077,0.000163962,0.000163962,0.000163962
11,97.8077,1.31225,1.62716,1.76946,0.72663,1,0.83,0.42847,1.53201,6.63841,2.74313,0.0001802,0.0001802,0.0001802
12,106.603,1.23455,1.75667,1.74473,0.99169,0.66667,0.9125,0.54534,1.2862,4.86516,2.57694,0.000196042,0.000196042,0.000196042
13,116.759,1.18714,1.69359,1.60071,0.73129,0.92515,0.9125,0.62092,1.36909,3.92705,2.83455,0.000211488,0.000211488,0.000211488
14,125.586,1.13147,1.35789,1.45211,0.98107,0.66667,0.78875,0.47999,1.45795,3.16734,3.11423,0.000226538,0.000226538,0.000226538
15,133.878,1.05466,1.37539,1.51976,0.96647,0.66667,0.83,0.43819,1.61476,3.03777,3.25533,0.000241192,0.000241192,0.000241192
16,144.984,0.70333,1.16547,1.28138,0.92359,0.66667,0.863,0.48393,1.70249,2.90575,3.30345,0.00025545,0.00025545,0.00025545
17,154.803,0.91369,1.10699,1.25871,1,0.95496,0.995,0.53674,1.46554,1.92946,2.63139,0.000269312,0.000269312,0.000269312
18,165.565,0.66788,0.93152,1.2557,1,0.95496,0.995,0.53674,1.46554,1.92946,2.63139,0.000282778,0.000282778,0.000282778
19,176.837,0.76324,1.11623,1.28523,0.98349,1,0.995,0.6912,1.1348,1.78415,1.89905,0.000295848,0.000295848,0.000295848
20,187.147,0.72092,1.22749,1.35928,0.98349,1,0.995,0.6912,1.1348,1.78415,1.89905,0.000308522,0.000308522,0.000308522
21,197.217,0.76004,1.06825,1.30582,0.988,1,0.995,0.74686,1.0947,1.92093,2.03686,0.0003208,0.0003208,0.0003208
22,206.898,1.00134,1.05918,1.4728,0.988,1,0.995,0.74686,1.0947,1.92093,2.03686,0.000332682,0.000332682,0.000332682
23,217.271,0.92177,1.08802,1.2502,0.98429,1,0.995,0.77982,0.92766,1.29887,1.84196,0.000344168,0.000344168,0.000344168
24,227.85,0.7836,1.02982,1.42035,0.98429,1,0.995,0.77982,0.92766,1.29887,1.84196,0.000355258,0.000355258,0.000355258
25,239.004,0.72207,0.95887,1.25716,0.98189,1,0.995,0.76324,0.99267,1.70721,2.04617,0.000365952,0.000365952,0.000365952
26,248.767,0.62633,0.75471,1.10787,0.98189,1,0.995,0.76324,0.99267,1.70721,2.04617,0.00037625,0.00037625,0.00037625
27,258.84,0.74548,0.72755,1.1788,0.98242,1,0.995,0.6965,1.34828,1.69995,3.26436,0.000386152,0.000386152,0.000386152
28,268.162,0.63541,0.8352,1.16563,0.98242,1,0.995,0.6965,1.34828,1.69995,3.26436,0.000395658,0.000395658,0.000395658
29,277.997,0.6346,0.79711,1.07907,0.98499,1,0.995,0.6965,1.58014,1.4903,4.10054,0.000404768,0.000404768,0.000404768
30,294.399,0.63098,0.73352,1.11414,0.98499,1,0.995,0.6965,1.58014,1.4903,4.10054,0.000413482,0.000413482,0.000413482
31,311.09,0.59086,0.74476,1.22017,0.98176,1,0.995,0.60824,1.56626,2.07039,3.77005,0.0004218,0.0004218,0.0004218
32,325.342,0.57177,0.67296,1.10621,0.98176,1,0.995,0.60824,1.56626,2.07039,3.77005,0.000429722,0.000429722,0.000429722
33,343.136,0.60149,0.73097,1.12919,0.98617,1,0.995,0.6965,1.3357,1.42096,3.32245,0.000437248,0.000437248,0.000437248
1,11.2723,2.46191,4.81745,3.07962,0.00333,1,0.04306,0.01991,1.80899,4.55546,3.48458,0,0,0
2,21.9696,2.26604,4.32156,2.81708,0.04127,1,0.0995,0.05161,1.64365,4.22842,3.43975,1.9802e-05,1.9802e-05,1.9802e-05
3,31.5832,2.06137,3.2049,2.53879,0.20966,0.33333,0.26397,0.13815,1.59414,4.35618,3.34729,3.9208e-05,3.9208e-05,3.9208e-05
4,40.6565,1.97086,2.6216,2.65204,0.58365,0.9455,0.753,0.41004,1.75293,6.43989,3.19071,5.8218e-05,5.8218e-05,5.8218e-05
5,51.2488,1.95629,2.70971,2.49186,1,0.60282,0.863,0.45489,1.66374,7.66541,3.05004,7.6832e-05,7.6832e-05,7.6832e-05
6,61.7618,1.71868,2.33857,2.40923,1,0.90729,0.995,0.49994,1.79397,8.98054,3.14865,9.505e-05,9.505e-05,9.505e-05
7,72.9484,1.52899,2.31886,2.18234,0.89261,1,0.995,0.47791,1.74876,10.4555,3.27475,0.000112872,0.000112872,0.000112872
8,83.6211,1.63011,1.9628,2.0725,0.96003,1,0.995,0.56404,1.74188,10.8094,3.19122,0.000130298,0.000130298,0.000130298
9,94.397,1.39377,1.80966,1.74607,0.47162,1,0.72,0.41057,1.78639,12.2697,3.23844,0.000147328,0.000147328,0.000147328
10,105.26,1.48169,2.22908,1.99789,0.97503,1,0.995,0.50941,1.64845,15.155,2.98623,0.000163962,0.000163962,0.000163962
11,113.937,1.2002,1.79285,1.66153,0.98403,1,0.995,0.62011,1.26767,14.291,2.73225,0.0001802,0.0001802,0.0001802
12,123.025,1.07553,1.7601,1.64522,0.98154,1,0.995,0.71329,1.15525,11.6066,2.4833,0.000196042,0.000196042,0.000196042
13,133.084,1.25583,1.698,1.61275,0.97704,1,0.995,0.61941,1.28517,9.35145,2.46107,0.000211488,0.000211488,0.000211488
14,143.487,1.04901,1.43065,1.46122,0.98163,1,0.995,0.61941,1.33779,7.39786,2.39039,0.000226538,0.000226538,0.000226538
15,152.466,0.95877,1.32315,1.46788,0.98393,1,0.995,0.69707,1.19437,3.85912,2.19351,0.000241192,0.000241192,0.000241192
16,161.412,0.72628,1.14765,1.24313,0.98414,1,0.995,0.73061,1.12231,2.39573,1.99439,0.00025545,0.00025545,0.00025545
17,170.315,0.7409,0.93539,1.2227,0.98676,1,0.995,0.76361,1.05493,1.91046,1.81317,0.000269312,0.000269312,0.000269312
18,178.856,0.82623,1.04723,1.32358,0.98676,1,0.995,0.76361,1.05493,1.91046,1.81317,0.000282778,0.000282778,0.000282778
19,188.925,0.80292,1.11131,1.2983,0.98342,1,0.995,0.81279,0.6803,1.99682,1.40571,0.000295848,0.000295848,0.000295848
20,197.92,0.87524,1.29809,1.44683,0.98342,1,0.995,0.81279,0.6803,1.99682,1.40571,0.000308522,0.000308522,0.000308522
21,206.913,0.80722,1.08095,1.28013,0.98843,1,0.995,0.82954,0.67346,2.34525,1.46525,0.0003208,0.0003208,0.0003208
22,216.063,0.83777,1.13187,1.36221,0.98843,1,0.995,0.82954,0.67346,2.34525,1.46525,0.000332682,0.000332682,0.000332682
23,225.043,0.85734,1.14424,1.22953,0.98525,1,0.995,0.82957,0.78928,1.57133,1.69008,0.000344168,0.000344168,0.000344168
24,233.637,0.92506,1.13757,1.5172,0.98525,1,0.995,0.82957,0.78928,1.57133,1.69008,0.000355258,0.000355258,0.000355258
25,242.159,0.90674,1.03683,1.41176,0.98414,1,0.995,0.8955,0.67948,1.58036,1.48427,0.000365952,0.000365952,0.000365952
26,251.363,0.63712,0.77473,1.15221,0.98414,1,0.995,0.8955,0.67948,1.58036,1.48427,0.00037625,0.00037625,0.00037625
27,260.108,0.62838,0.79588,1.19199,0.74022,1,0.9125,0.82125,0.67773,2.03159,1.31661,0.000386152,0.000386152,0.000386152
28,269.556,0.67299,0.79763,1.2051,0.74022,1,0.9125,0.82125,0.67773,2.03159,1.31661,0.000395658,0.000395658,0.000395658
29,278.064,0.59804,0.86309,1.10343,0.7403,1,0.83,0.56154,0.99805,2.02285,1.6176,0.000404768,0.000404768,0.000404768
30,286.679,0.46533,0.82115,1.07488,0.7403,1,0.83,0.56154,0.99805,2.02285,1.6176,0.000413482,0.000413482,0.000413482
31,296.927,0.55575,0.81787,1.2152,0.73612,1,0.83,0.52044,1.25197,2.0949,2.2488,0.0004218,0.0004218,0.0004218
32,305.313,0.63063,0.62366,1.15055,0.73612,1,0.83,0.52044,1.25197,2.0949,2.2488,0.000429722,0.000429722,0.000429722
33,315.023,0.63897,0.76208,1.16135,0.98304,1,0.995,0.70814,1.14043,1.20368,2.26051,0.000437248,0.000437248,0.000437248
34,324.395,0.57882,0.65595,1.14528,0.98304,1,0.995,0.70814,1.14043,1.20368,2.26051,0.000444378,0.000444378,0.000444378
35,334.48,0.62523,0.66822,1.18515,0.98043,1,0.995,0.68616,1.17421,1.33122,2.57093,0.000451112,0.000451112,0.000451112
36,804.842,0.69772,0.69416,1.18125,0.98043,1,0.995,0.68616,1.17421,1.33122,2.57093,0.00045745,0.00045745,0.00045745
37,814.26,0.68971,1.01348,1.16019,0.98319,1,0.995,0.76309,1.10307,1.00101,2.57958,0.000463392,0.000463392,0.000463392
38,822.129,0.71247,0.8516,1.13668,0.98319,1,0.995,0.76309,1.10307,1.00101,2.57958,0.000468938,0.000468938,0.000468938
39,829.882,0.87708,0.99624,1.30719,0.98202,1,0.995,0.79668,0.91989,1.04199,2.10965,0.000474088,0.000474088,0.000474088
40,837.414,0.64042,0.73721,1.16603,0.98202,1,0.995,0.79668,0.91989,1.04199,2.10965,0.000478842,0.000478842,0.000478842
41,845.247,0.5831,0.73821,1.20448,0.93457,1,0.995,0.78568,0.79953,2.13665,1.65207,0.0004832,0.0004832,0.0004832
42,853.538,0.64383,0.64853,1.1083,0.93457,1,0.995,0.78568,0.79953,2.13665,1.65207,0.000487162,0.000487162,0.000487162
43,861.014,0.56718,0.5959,1.07725,0.77456,1,0.995,0.78535,0.79269,3.11301,1.72779,0.000490728,0.000490728,0.000490728
44,868.98,0.77912,0.77438,1.30201,0.77456,1,0.995,0.78535,0.79269,3.11301,1.72779,0.000493898,0.000493898,0.000493898
45,878.262,0.73486,0.83864,1.25411,0.72473,1,0.9125,0.65616,0.93424,2.1953,1.93123,0.000496672,0.000496672,0.000496672
46,886.008,0.69164,0.71898,1.1299,0.72473,1,0.9125,0.65616,0.93424,2.1953,1.93123,0.00049905,0.00049905,0.00049905
47,893.528,0.71612,0.67698,1.12582,0.4674,1,0.60833,0.41485,1.13815,2.95901,2.19876,0.000501032,0.000501032,0.000501032
48,900.735,0.68668,0.66249,1.05898,0.4674,1,0.60833,0.41485,1.13815,2.95901,2.19876,0.000502618,0.000502618,0.000502618
49,908.991,0.54055,0.65423,1.10052,0.71797,1,0.995,0.64759,1.21757,2.19912,2.54452,0.000503808,0.000503808,0.000503808
50,917.012,0.66793,0.67326,1.16713,0.71797,1,0.995,0.64759,1.21757,2.19912,2.54452,0.000504602,0.000504602,0.000504602
51,926.373,0.59449,0.67124,1.06411,0.72909,1,0.995,0.76368,1.04118,1.91957,2.1102,0.000505,0.000505,0.000505
52,937.754,0.60533,0.5742,1.19163,0.72909,1,0.995,0.76368,1.04118,1.91957,2.1102,0.000505002,0.000505002,0.000505002
53,948.503,0.50842,0.46318,1.04237,0.72909,1,0.995,0.76368,1.04118,1.91957,2.1102,0.000504608,0.000504608,0.000504608
54,957.757,0.52302,0.53696,1.06781,0.72491,1,0.995,0.7857,0.87865,2.08206,1.62171,0.000503818,0.000503818,0.000503818
55,966.682,0.66683,0.51271,1.16073,0.72491,1,0.995,0.7857,0.87865,2.08206,1.62171,0.000502632,0.000502632,0.000502632
56,976.038,0.56675,0.61425,1.20379,0.72491,1,0.995,0.7857,0.87865,2.08206,1.62171,0.00050105,0.00050105,0.00050105
57,984.714,0.45018,0.45575,1.05156,0.91177,1,0.995,0.78569,0.88047,1.28051,1.64178,0.000499072,0.000499072,0.000499072
58,993.51,0.5001,0.45845,1.03158,0.91177,1,0.995,0.78569,0.88047,1.28051,1.64178,0.000496698,0.000496698,0.000496698
59,1002.42,0.58348,0.68746,1.26686,0.91177,1,0.995,0.78569,0.88047,1.28051,1.64178,0.000493928,0.000493928,0.000493928
1,16.7382,2.30338,4.40975,2.82954,0.07458,0.33333,0.06826,0.03786,1.78574,4.20197,4.05383,0,0,0
2,34.3615,2.26845,4.43755,2.85042,0.08905,0.33333,0.12411,0.06868,1.76402,4.15261,3.88474,1.9802e-05,1.9802e-05,1.9802e-05
3,49.2921,2.01794,3.04635,2.46859,0.32277,1,0.33167,0.12929,1.74032,4.11899,3.67133,3.9208e-05,3.9208e-05,3.9208e-05
4,62.5236,2.06636,2.78446,2.70403,0.96496,1,0.995,0.5128,1.6993,6.43793,3.49927,5.8218e-05,5.8218e-05,5.8218e-05
5,76.9493,1.87857,2.71878,2.42046,0.93433,1,0.995,0.51089,1.70067,9.6362,3.28663,7.6832e-05,7.6832e-05,7.6832e-05
6,89.5032,1.69227,2.34547,2.37194,0.99662,1,0.995,0.38941,1.93778,11.8544,3.51778,9.505e-05,9.505e-05,9.505e-05
7,102.179,1.48769,2.3261,2.17614,0.94086,1,0.995,0.36937,1.95737,12.1118,3.52913,0.000112872,0.000112872,0.000112872
8,117.877,1.62859,1.97169,2.10706,0.90633,1,0.995,0.41335,1.97787,13.8291,3.40015,0.000130298,0.000130298,0.000130298
9,131.774,1.43762,1.68219,1.76212,0.74323,0.97291,0.74625,0.31832,1.91044,18.516,3.21727,0.000147328,0.000147328,0.000147328
10,145.421,1.31976,2.02092,1.8669,0.5335,1,0.731,0.29369,1.82052,16.9676,3.05163,0.000163962,0.000163962,0.000163962
11,157.11,0.97115,1.66507,1.57779,0.72108,1,0.83,0.33048,1.53622,13.8177,2.81948,0.0001802,0.0001802,0.0001802
12,170.417,1.0872,1.69895,1.60057,0.99888,1,0.995,0.58792,1.28474,9.77248,2.54133,0.000196042,0.000196042,0.000196042
13,182.994,1.31854,1.67274,1.64536,0.9597,1,0.995,0.67711,1.1964,6.37295,2.38699,0.000211488,0.000211488,0.000211488
14,199.839,1.07529,1.46879,1.43709,0.97904,1,0.995,0.58657,1.4644,3.9129,2.76387,0.000226538,0.000226538,0.000226538
15,213.475,1.04475,1.30317,1.48624,0.97968,1,0.995,0.56461,1.72596,2.46309,3.73958,0.000241192,0.000241192,0.000241192
16,227.957,0.80701,1.14701,1.295,0.98238,1,0.995,0.47632,1.99332,2.89491,4.4895,0.00025545,0.00025545,0.00025545
17,241.389,0.84512,1.09724,1.24377,0.98065,1,0.995,0.39915,2.29353,3.55593,4.85442,0.000269312,0.000269312,0.000269312
18,254.256,0.79591,1.03385,1.34255,0.98065,1,0.995,0.39915,2.29353,3.55593,4.85442,0.000282778,0.000282778,0.000282778
19,266.741,0.6913,1.05111,1.24451,1,0.98101,0.995,0.59761,1.6437,3.6946,3.44991,0.000295848,0.000295848,0.000295848
20,279.094,0.88493,1.36825,1.38527,1,0.98101,0.995,0.59761,1.6437,3.6946,3.44991,0.000308522,0.000308522,0.000308522
21,293.56,0.84695,1.08698,1.3359,1,0.98393,0.995,0.82954,0.97438,3.38222,1.94523,0.0003208,0.0003208,0.0003208
22,306.228,1.01869,1.13514,1.38193,1,0.98393,0.995,0.82954,0.97438,3.38222,1.94523,0.000332682,0.000332682,0.000332682
23,317.75,0.8637,1.13045,1.23498,0.98537,1,0.995,0.79657,0.78381,1.56916,1.39072,0.000344168,0.000344168,0.000344168
24,329.291,0.78899,1.1333,1.3885,0.98537,1,0.995,0.79657,0.78381,1.56916,1.39072,0.000355258,0.000355258,0.000355258
25,340.099,0.83855,0.98444,1.34214,0.74487,1,0.995,0.76357,0.93537,1.66521,1.68802,0.000365952,0.000365952,0.000365952
26,351.258,0.59907,0.78537,1.13694,0.74487,1,0.995,0.76357,0.93537,1.66521,1.68802,0.00037625,0.00037625,0.00037625
27,362.286,0.61685,0.73181,1.14099,0.98233,1,0.995,0.73004,1.24464,1.71904,2.12652,0.000386152,0.000386152,0.000386152
28,372.786,0.63418,0.79554,1.19008,0.98233,1,0.995,0.73004,1.24464,1.71904,2.12652,0.000395658,0.000395658,0.000395658
29,384.141,0.59665,0.86335,1.11182,0.98673,1,0.995,0.69707,1.16387,1.32921,2.02126,0.000404768,0.000404768,0.000404768
30,395.781,0.64663,0.7447,1.15972,0.98673,1,0.995,0.69707,1.16387,1.32921,2.02126,0.000413482,0.000413482,0.000413482
31,409.014,0.63841,0.7738,1.23633,0.98581,1,0.995,0.42179,1.86075,1.3002,2.74949,0.0004218,0.0004218,0.0004218
32,422.678,0.56909,0.66465,1.1018,0.98581,1,0.995,0.42179,1.86075,1.3002,2.74949,0.000429722,0.000429722,0.000429722
33,437.677,0.74928,0.75313,1.24497,0.98165,1,0.995,0.66415,1.20552,0.93228,1.99306,0.000437248,0.000437248,0.000437248
34,449.446,0.66911,0.75485,1.24121,0.98165,1,0.995,0.66415,1.20552,0.93228,1.99306,0.000444378,0.000444378,0.000444378
35,465.56,0.6475,0.67832,1.23872,0.96858,1,0.995,0.63061,1.55098,1.10146,2.70592,0.000451112,0.000451112,0.000451112
36,481.877,0.75056,0.72965,1.21979,0.96858,1,0.995,0.63061,1.55098,1.10146,2.70592,0.00045745,0.00045745,0.00045745
37,493.128,0.82769,0.97342,1.25008,0.72288,1,0.9125,0.53183,1.93588,1.44029,3.26686,0.000463392,0.000463392,0.000463392
38,503.419,0.77559,0.83662,1.21965,0.72288,1,0.9125,0.53183,1.93588,1.44029,3.26686,0.000468938,0.000468938,0.000468938
39,515.034,0.86832,0.90676,1.27324,0.41053,1,0.45036,0.14096,2.09332,3.02922,3.32049,0.000474088,0.000474088,0.000474088
40,524.783,0.71377,0.67281,1.17039,0.41053,1,0.45036,0.14096,2.09332,3.02922,3.32049,0.000478842,0.000478842,0.000478842
41,535.407,0.81174,0.7014,1.35922,0.62411,1,0.995,0.52346,1.15806,4.04548,1.93989,0.0004832,0.0004832,0.0004832
42,543.966,0.71188,0.67682,1.18886,0.62411,1,0.995,0.52346,1.15806,4.04548,1.93989,0.000487162,0.000487162,0.000487162
43,552.524,0.55505,0.64057,1.1211,0.78804,1,0.995,0.75209,1.02947,3.01247,1.66553,0.000490728,0.000490728,0.000490728
44,560.997,0.70554,0.7977,1.21203,0.78804,1,0.995,0.75209,1.02947,3.01247,1.66553,0.000493898,0.000493898,0.000493898
45,569.693,0.72696,0.71672,1.214,0.7365,1,0.995,0.73009,1.05737,1.47036,1.71215,0.000496672,0.000496672,0.000496672
46,577.951,0.61602,0.71242,1.16644,0.7365,1,0.995,0.73009,1.05737,1.47036,1.71215,0.00049905,0.00049905,0.00049905
47,587.564,0.5911,0.67739,1.08117,0.97547,1,0.995,0.796,0.89883,0.87556,1.53925,0.000501032,0.000501032,0.000501032
48,595.84,0.67036,0.76584,1.05649,0.97547,1,0.995,0.796,0.89883,0.87556,1.53925,0.000502618,0.000502618,0.000502618
49,604.285,0.52291,0.69853,1.07189,0.94445,1,0.995,0.76312,0.96621,0.82491,1.8882,0.000503808,0.000503808,0.000503808
50,612.726,0.58318,0.58544,1.11393,0.94445,1,0.995,0.76312,0.96621,0.82491,1.8882,0.000504602,0.000504602,0.000504602
51,621.024,0.59108,0.62986,1.05274,0.97613,1,0.995,0.796,0.9545,0.86163,1.88693,0.000505,0.000505,0.000505
52,629.619,0.68357,0.61112,1.21991,0.97613,1,0.995,0.796,0.9545,0.86163,1.88693,0.000505002,0.000505002,0.000505002
53,637.882,0.52005,0.51565,1.03045,0.97613,1,0.995,0.796,0.9545,0.86163,1.88693,0.000504608,0.000504608,0.000504608
54,646.73,0.49515,0.5803,1.05751,0.94689,1,0.995,0.69787,0.8566,1.13891,1.8938,0.000503818,0.000503818,0.000503818
55,655.34,0.64137,0.56284,1.14078,0.94689,1,0.995,0.69787,0.8566,1.13891,1.8938,0.000502632,0.000502632,0.000502632
56,664.439,0.52849,0.64652,1.16108,0.94689,1,0.995,0.69787,0.8566,1.13891,1.8938,0.00050105,0.00050105,0.00050105
57,676.993,0.5242,0.51371,1.04686,0.7349,1,0.995,0.7503,0.73839,1.85025,1.67835,0.000499072,0.000499072,0.000499072
